timestamp,open,high,low,close,volume
1483228800000,1.05148,1.05288,1.05148,1.0523,352.85
1483315200000,1.0523,1.0526,1.04501,1.04575,87951
1483401600000,1.04575,1.04901,1.03403,1.04174,218296.0469
1483488000000,1.04174,1.05013,1.039,1.04971,228092.4844
1483574400000,1.04968,1.06153,1.04826,1.06039,273330.2813
1483660800000,1.06039,1.06221,1.0525,1.0529,226026.6563
1483747200000,1.0529,1.0529,1.0529,1.0529,0
1483833600000,1.053,1.05358,1.0526,1.05294,5515.1001
1483920000000,1.05294,1.0589,1.05109,1.05858,219645.7344
1484006400000,1.05858,1.06272,1.05509,1.05522,227707.0156
1484092800000,1.05522,1.06229,1.04538,1.05941,287661.5938
1484179200000,1.05942,1.06847,1.05714,1.06162,283076.2813
1484265600000,1.06158,1.06734,1.05961,1.0642,226614.875
1484352000000,1.0642,1.0642,1.0642,1.0642,0
1484438400000,1.06039,1.06358,1.0603,1.06272,7140.4399
1484524800000,1.06274,1.06344,1.05793,1.06022,172454.8906
1484611200000,1.06022,1.07191,1.06007,1.06966,285585.5938
1484697600000,1.06966,1.07123,1.06244,1.0628,241426.3125
1484784000000,1.06282,1.06766,1.05892,1.06591,276319.2188
1484870400000,1.06593,1.07094,1.06251,1.0699,226792.1875
1484956800000,1.0699,1.0699,1.0699,1.0699,0
1485043200000,1.07027,1.07168,1.06941,1.07126,7218.8101
1485129600000,1.07124,1.07729,1.07063,1.07591,216128.9844
1485216000000,1.07589,1.07749,1.07204,1.07281,191667.0625
1485302400000,1.07282,1.07698,1.07112,1.07525,234112.0781
1485388800000,1.07527,1.07655,1.06576,1.06834,243428.7656
1485475200000,1.06834,1.0725,1.06584,1.06958,210667.5625
1485561600000,1.06958,1.06958,1.06958,1.06958,0
1485648000000,1.07213,1.07214,1.0708,1.07169,6970.9702
1485734400000,1.07169,1.07402,1.06203,1.07075,213100.9844
1485820800000,1.07075,1.08122,1.06846,1.08008,282938.375
1485907200000,1.08008,1.08073,1.0731,1.07653,244016.9531
1485993600000,1.07654,1.08288,1.0756,1.07617,243318.5625
1486080000000,1.07618,1.07975,1.07115,1.07818,228892.2031
1486166400000,1.07818,1.07818,1.07818,1.07818,0
1486252800000,1.07896,1.07915,1.0778,1.07824,4076.27
1486339200000,1.07824,1.07887,1.07059,1.0743,221177.5938
1486425600000,1.0743,1.07444,1.06561,1.06788,233002.3438
1486512000000,1.06788,1.07139,1.06407,1.06913,239400
1486598400000,1.0691,1.07095,1.06509,1.06572,232668.2656
1486684800000,1.06571,1.06677,1.06077,1.06397,238342.0156
1486771200000,1.06397,1.06397,1.06397,1.06397,0
1486857600000,1.06285,1.0637,1.06174,1.06187,5510.5098
1486944000000,1.06186,1.06585,1.0592,1.05987,198618.6719
1487030400000,1.05986,1.06333,1.05608,1.05782,220040.6406
1487116800000,1.05783,1.06092,1.05214,1.0603,239541.8438
1487203200000,1.0603,1.06794,1.05998,1.06712,245245.1094
1487289600000,1.06709,1.06767,1.06054,1.06114,205934.25
1487376000000,1.06114,1.06114,1.06114,1.06114,0
1487462400000,1.06075,1.06329,1.06075,1.06251,7770.8501
1487548800000,1.0625,1.06299,1.06031,1.06088,141470.8125
1487635200000,1.06088,1.06127,1.05258,1.0541,228481.8438
1487721600000,1.05411,1.0574,1.04938,1.05505,271603.6563
1487808000000,1.05505,1.05952,1.05376,1.05839,236701.4688
1487894400000,1.0584,1.06179,1.05565,1.05595,235293.3281
1487980800000,1.05595,1.05595,1.05595,1.05595,0
1488067200000,1.05637,1.05645,1.05517,1.0552,8392.79
1488153600000,1.0552,1.06306,1.05515,1.05838,220285.7969
1488240000000,1.05838,1.06301,1.05666,1.05692,256796.2188
1488326400000,1.05691,1.05894,1.05142,1.05359,287665.8438
1488412800000,1.05358,1.05456,1.04948,1.0507,240914.4063
1488499200000,1.0507,1.06239,1.05022,1.06203,243485.5781
1488585600000,1.06203,1.06203,1.06203,1.06203,0
1488672000000,1.06097,1.06215,1.06002,1.06207,8411.3604
1488758400000,1.06207,1.06399,1.05747,1.05789,198254.4063
1488844800000,1.05789,1.06025,1.05581,1.05692,191883.2813
1488931200000,1.05692,1.05741,1.05347,1.05447,203950.1563
1489017600000,1.05447,1.06151,1.05249,1.05794,232016.6875
1489104000000,1.05794,1.0699,1.0578,1.06728,211630.1875
1489190400000,1.06728,1.06728,1.06728,1.06728,0
1489276800000,1.06747,1.06925,1.06747,1.06894,7112.3901
1489363200000,1.06894,1.07142,1.06448,1.06507,209422.7813
1489449600000,1.06508,1.06624,1.06003,1.06119,179929.8125
1489536000000,1.0612,1.07399,1.06073,1.07375,213836.5313
1489622400000,1.07376,1.07742,1.07057,1.07718,234024.4375
1489708800000,1.07717,1.07823,1.07274,1.07382,186534.625
1489795200000,1.07382,1.07382,1.07382,1.07382,0
1489881600000,1.07318,1.07451,1.07317,1.0742,5330.25
1489968000000,1.07421,1.07772,1.0719,1.07368,172443.5625
1490054400000,1.07368,1.08191,1.07353,1.08125,223229.9063
1490140800000,1.08124,1.08245,1.07758,1.07891,220300.125
1490227200000,1.07891,1.08048,1.0768,1.0783,206665.7344
1490313600000,1.07831,1.08179,1.07602,1.07969,189625.2031
1490400000000,1.07969,1.07969,1.07969,1.07969,0
1490486400000,1.0835,1.08492,1.08264,1.08451,14647.4805
1490572800000,1.08453,1.09058,1.08377,1.08608,183535.5
1490659200000,1.08609,1.08725,1.07988,1.08162,170513.7969
1490745600000,1.08162,1.08264,1.07398,1.07583,175207.5156
1490832000000,1.07582,1.07679,1.06718,1.06877,162005.5469
1490918400000,1.06875,1.07018,1.06508,1.06528,184913.1875
1491004800000,1.06528,1.06528,1.06528,1.06528,0
1491091200000,1.06594,1.06737,1.06585,1.06692,9205.4004
1491177600000,1.06692,1.06809,1.06423,1.06695,171156.7344
1491264000000,1.06695,1.06851,1.06355,1.06779,166734.8594
1491350400000,1.06779,1.06889,1.06349,1.06717,196366.4375
1491436800000,1.06715,1.0684,1.06289,1.06437,175015.6875
1491523200000,1.06437,1.06659,1.05806,1.05889,200702.3281
1491609600000,1.05889,1.05889,1.05889,1.05889,0
1491696000000,1.05866,1.05885,1.05734,1.05805,9477.4902
1491782400000,1.05806,1.06064,1.05698,1.05971,144021
1491868800000,1.05972,1.06299,1.05785,1.06102,159921.3125
1491955200000,1.06101,1.06751,1.0589,1.06698,182291.9844
1492041600000,1.06698,1.06775,1.06094,1.06148,162037.8438
1492128000000,1.06148,1.06294,1.0606,1.06105,55741.1797
1492214400000,1.06105,1.06105,1.06105,1.06105,0
1492300800000,1.06129,1.06155,1.06028,1.06097,13667.9297
1492387200000,1.06096,1.06703,1.06085,1.06432,103395.7188
1492473600000,1.06432,1.07359,1.06372,1.07274,185533.8438
1492560000000,1.07274,1.07367,1.06998,1.07145,160022.125
1492646400000,1.07145,1.07775,1.07069,1.07141,160190.2344
1492732800000,1.0714,1.07379,1.06822,1.07237,147990.3594
1492819200000,1.07237,1.07237,1.07237,1.07237,0
1492905600000,1.09164,1.09164,1.08648,1.08733,22281.2402
1492992000000,1.08733,1.08774,1.08207,1.08649,202360.9844
1493078400000,1.08648,1.09499,1.08512,1.09275,183851.9063
1493164800000,1.09277,1.09507,1.08557,1.09083,197836.0938
1493251200000,1.09083,1.09327,1.08517,1.0865,178829.875
1493337600000,1.08651,1.09474,1.08571,1.08961,164071.4688
1493424000000,1.08961,1.08961,1.08961,1.08961,0
1493510400000,1.09099,1.0911,1.08905,1.09057,7522.4199
1493596800000,1.09057,1.09239,1.0884,1.09084,83181.4922
1493683200000,1.09086,1.09359,1.08881,1.09346,135614.7969
1493769600000,1.09346,1.09367,1.08813,1.0888,156201.8438
1493856000000,1.0888,1.0987,1.08749,1.09804,181629.7031
1493942400000,1.09806,1.09995,1.09494,1.0995,160752.2656
1494028800000,1.0995,1.0995,1.0995,1.0995,0
1494115200000,1.10188,1.10216,1.09633,1.09647,14719.4502
1494201600000,1.09647,1.09968,1.09164,1.09265,179271.9063
1494288000000,1.09265,1.09333,1.08633,1.08861,177103.7656
1494374400000,1.08861,1.0898,1.08532,1.08671,157513.875
1494460800000,1.08671,1.08929,1.0839,1.08642,140819.2656
1494547200000,1.08642,1.09342,1.08556,1.0931,147972.7188
1494633600000,1.0931,1.0931,1.0931,1.0931,0
1494720000000,1.09288,1.0935,1.09226,1.09277,6705.23
1494806400000,1.09278,1.09893,1.09225,1.09799,140243.9375
1494892800000,1.09798,1.10971,1.0979,1.10933,171232.7656
1494979200000,1.10932,1.11704,1.10816,1.11541,218651.1406
1495065600000,1.11543,1.11719,1.10757,1.11101,254772.2813
1495152000000,1.111,1.12117,1.10995,1.12065,202951.0156
1495238400000,1.12065,1.12065,1.12065,1.12065,0
1495324800000,1.11917,1.121,1.11916,1.12032,11924.5898
1495411200000,1.12032,1.12634,1.11614,1.12373,205206.7969
1495497600000,1.12371,1.12682,1.1175,1.11788,236312.2031
1495584000000,1.11791,1.12332,1.11685,1.12304,230591.7969
1495670400000,1.12306,1.12503,1.11937,1.121,190652.1094
1495756800000,1.12099,1.12346,1.11605,1.11799,187076.5313
1495843200000,1.11799,1.11799,1.11799,1.11799,0
1495929600000,1.11701,1.11849,1.11672,1.1176,7786.6499
1496016000000,1.11758,1.11898,1.11277,1.1129,116821.1563
1496102400000,1.11291,1.12054,1.11094,1.11728,185376.2656
1496188800000,1.11728,1.12521,1.11645,1.1239,189057.5
1496275200000,1.12389,1.12566,1.12021,1.12128,164043.4844
1496361600000,1.12127,1.1285,1.12049,1.12825,156989.4531
1496448000000,1.12825,1.12825,1.12825,1.12825,0
1496534400000,1.12703,1.12837,1.12701,1.12772,6740.6299
1496620800000,1.12775,1.12785,1.12342,1.12573,120698.9688
1496707200000,1.12572,1.12842,1.12404,1.12702,166759.7344
1496793600000,1.12701,1.12823,1.12039,1.12554,189120.0313
1496880000000,1.12554,1.1269,1.118,1.11883,207401.7656
1496966400000,1.11884,1.12157,1.11663,1.11941,196106.0781
1497052800000,1.11941,1.11941,1.11941,1.11941,0
1497139200000,1.12061,1.12096,1.11971,1.12016,7735.7998
1497225600000,1.12015,1.12321,1.11918,1.11973,162194.7656
1497312000000,1.11972,1.12249,1.11852,1.12091,155648.2344
1497398400000,1.12091,1.12958,1.1193,1.12129,226322.0313
1497484800000,1.1213,1.12285,1.11321,1.11486,212904.875
1497571200000,1.11487,1.12016,1.11384,1.11968,174222.125
1497657600000,1.11968,1.11968,1.11968,1.11968,0
1497744000000,1.12053,1.12079,1.11956,1.12039,9083.7402
1497830400000,1.12037,1.12128,1.11409,1.11445,196995.125
1497916800000,1.11443,1.11648,1.11188,1.11363,218941.2969
1498003200000,1.11365,1.1169,1.11272,1.11667,200566.7188
1498089600000,1.11666,1.11779,1.11392,1.11497,191424.375
1498176000000,1.11496,1.12089,1.11452,1.11918,162553.5625
1498262400000,1.11918,1.11918,1.11918,1.11918,0
1498348800000,1.11963,1.11999,1.11902,1.11997,6135.1602
1498435200000,1.11997,1.12198,1.11717,1.11828,188726.9531
1498521600000,1.11827,1.13494,1.118,1.13369,258372.0469
1498608000000,1.13369,1.13906,1.12917,1.13782,251067.3125
1498694400000,1.1378,1.14455,1.13768,1.14394,245479.3125
1498780800000,1.14393,1.14443,1.13921,1.14251,203137.5156
1498867200000,1.14251,1.14251,1.14251,1.14251,0
1498953600000,1.14175,1.14266,1.14163,1.14232,10473.1299
1499040000000,1.14234,1.14248,1.1355,1.13723,173833.4375
1499126400000,1.13723,1.13769,1.13359,1.13595,156219.6406
1499212800000,1.13596,1.13685,1.13123,1.13464,206856.9063
1499299200000,1.13465,1.14254,1.13299,1.14212,203986.9375
1499385600000,1.14212,1.14398,1.13796,1.13996,189153.1719
1499472000000,1.13996,1.13996,1.13996,1.13996,0
1499558400000,1.13966,1.14038,1.13924,1.14034,9004.7695
1499644800000,1.14032,1.1418,1.13817,1.13963,161246.9844
1499731200000,1.13963,1.14797,1.13828,1.14738,192940.1563
1499817600000,1.14568,1.14588,1.14515,1.14533,3462
1499904000000,1.14186,1.14558,1.13705,1.14045,206374.5
1499990400000,1.14043,1.14719,1.13914,1.14685,194309.7344
1500076800000,1.14685,1.14685,1.14685,1.14685,0
1500163200000,1.147,1.1475,1.1465,1.1474,17420.6191
1500249600000,1.14739,1.1487,1.14348,1.14732,187573.6563
1500336000000,1.14733,1.15831,1.14714,1.15478,253599.3125
1500422400000,1.15477,1.15533,1.15099,1.15287,198068.5781
1500508800000,1.15286,1.1658,1.14792,1.16283,270658.875
1500595200000,1.16283,1.16828,1.1619,1.16622,224099.7969
1500681600000,1.16622,1.16622,1.16622,1.16622,0
1500768000000,1.16635,1.16816,1.16615,1.16814,11264.5703
1500854400000,1.16811,1.16842,1.16259,1.16384,204671.9844
1500940800000,1.16384,1.17121,1.16308,1.16444,222419.7813
1501027200000,1.16444,1.17473,1.16125,1.17316,255288.2656
1501113600000,1.17315,1.17767,1.16501,1.16898,267153.7813
1501200000000,1.16898,1.17639,1.16711,1.17478,235715.9844
1501286400000,1.17478,1.17478,1.17478,1.17478,0
1501372800000,1.17456,1.17618,1.17443,1.17468,19254.2891
1501459200000,1.17469,1.18454,1.17231,1.18208,236964.9844
1501545600000,1.18207,1.18389,1.17852,1.18109,226683.6406
1501632000000,1.18113,1.191,1.17937,1.18514,233360.75
1501718400000,1.18514,1.1893,1.18305,1.18822,221491.5781
1501804800000,1.18822,1.18891,1.17281,1.1773,215736.9531
1501891200000,1.1773,1.1773,1.1773,1.1773,0
1501977600000,1.17734,1.17929,1.17706,1.17769,14147.6699
1502064000000,1.17769,1.1814,1.17766,1.17995,182387.6875
1502150400000,1.17995,1.18238,1.17151,1.1754,209521.6563
1502236800000,1.1754,1.17699,1.16891,1.17631,272394.625
1502323200000,1.17631,1.17851,1.17041,1.177,226661.125
1502409600000,1.177,1.18472,1.17485,1.18199,210383.6875
1502496000000,1.18199,1.18199,1.18199,1.18199,0
1502582400000,1.182,1.18275,1.1818,1.18252,9096.8896
1502668800000,1.18251,1.18382,1.17682,1.17755,206699.6094
1502755200000,1.17757,1.17928,1.16872,1.17403,215642.3125
1502841600000,1.17403,1.17793,1.16816,1.17737,252333.5625
1502928000000,1.17737,1.17899,1.16622,1.17156,250161.1563
1503014400000,1.17156,1.17743,1.17102,1.17591,222360.3125
1503100800000,1.17591,1.17591,1.17591,1.17591,0
1503187200000,1.17578,1.17609,1.175,1.17562,6801.3799
1503273600000,1.17561,1.1828,1.17311,1.18112,181794.7813
1503360000000,1.18112,1.18241,1.17451,1.17615,195984.7969
1503446400000,1.17617,1.18232,1.17403,1.18155,200061.1719
1503532800000,1.18154,1.18169,1.17841,1.17977,223049.6719
1503619200000,1.17976,1.19414,1.17733,1.19219,222870.9375
1503705600000,1.19219,1.19219,1.19219,1.19219,0
1503792000000,1.19431,1.19595,1.19403,1.19511,14828.8301
1503878400000,1.19511,1.19857,1.19168,1.19638,208933.9844
1503964800000,1.1964,1.20701,1.19465,1.19697,281300.8438
1504051200000,1.19697,1.19843,1.18804,1.18906,247062.7656
1504137600000,1.18906,1.19229,1.18231,1.19092,253635.2188
1504224000000,1.1909,1.19798,1.18499,1.18597,221325.1563
1504310400000,1.18597,1.18597,1.18597,1.18597,0
1504396800000,1.18815,1.18859,1.18738,1.18818,12465.0498
1504483200000,1.18818,1.19218,1.18776,1.18928,182153.9688
1504569600000,1.18928,1.19406,1.18682,1.19236,252912.5625
1504656000000,1.19235,1.19499,1.19028,1.19264,239993.5313
1504742400000,1.19263,1.20592,1.1914,1.20278,267627.125
1504828800000,1.20277,1.20923,1.20146,1.20347,241975.2031
1504915200000,1.20347,1.20347,1.20347,1.20347,0
1505001600000,1.20138,1.20254,1.20112,1.20169,10294.3301
1505088000000,1.20169,1.20295,1.19476,1.19577,220636.9219
1505174400000,1.19577,1.1978,1.19262,1.19711,219421.0156
1505260800000,1.1971,1.19947,1.1873,1.18879,219132.2969
1505347200000,1.18879,1.19228,1.1838,1.1921,243548.375
1505433600000,1.19211,1.19873,1.19011,1.19447,216911.0938
1505520000000,1.19447,1.19447,1.19447,1.19447,0
1505606400000,1.19196,1.19503,1.19174,1.19378,8915.3701
1505692800000,1.19378,1.19692,1.1915,1.196,219049.7969
1505779200000,1.19598,1.20064,1.19536,1.19925,237453.125
1505865600000,1.19924,1.20342,1.18613,1.18743,458076.375
1505952000000,1.18742,1.19535,1.18656,1.19447,596993.0625
1506038400000,1.19446,1.20044,1.19369,1.19466,225252.3594
1506124800000,1.19466,1.19466,1.19466,1.19466,0
1506211200000,1.18947,1.19268,1.18947,1.19267,13654.2598
1506297600000,1.19266,1.19365,1.18319,1.18555,232912.9844
1506384000000,1.18556,1.18615,1.17574,1.17838,234192.5781
1506470400000,1.17838,1.1795,1.17171,1.17497,252950.9844
1506556800000,1.17498,1.1804,1.17212,1.17812,250893.2344
1506643200000,1.17813,1.18325,1.17726,1.18137,196230.2031
1506729600000,1.18137,1.18137,1.18137,1.18137,0
1506816000000,1.17886,1.18151,1.17886,1.18079,8763.9297
1506902400000,1.18079,1.18079,1.17301,1.17315,218487.7969
1506988800000,1.17319,1.17732,1.16961,1.17477,202565.5469
1507075200000,1.17476,1.17877,1.17464,1.17566,210086.4375
1507161600000,1.17565,1.17787,1.1699,1.17138,190971.3281
1507248000000,1.1714,1.17387,1.16692,1.17299,213892.2031
1507334400000,1.17299,1.17299,1.17299,1.17299,0
1507420800000,1.17271,1.17435,1.17267,1.17424,9578.3701
1507507200000,1.17422,1.17561,1.17195,1.1741,147124
1507593600000,1.1741,1.18254,1.17405,1.18134,213520.0938
1507680000000,1.18134,1.1869,1.17952,1.18641,216780.875
1507766400000,1.1864,1.18797,1.18252,1.18309,202787.5313
1507852800000,1.18309,1.18748,1.18053,1.18191,199617.875
1507939200000,1.18191,1.18191,1.18191,1.18191,0
1508025600000,1.18107,1.18178,1.18056,1.18145,7022.0698
1508112000000,1.18147,1.18196,1.17805,1.17945,191054.1875
1508198400000,1.17945,1.17949,1.17361,1.17711,198611.125
1508284800000,1.1771,1.18053,1.17302,1.17942,199544.7813
1508371200000,1.17943,1.18579,1.17679,1.18484,222417.5313
1508457600000,1.18485,1.18579,1.17624,1.17817,208817.7031
1508544000000,1.17817,1.17817,1.17817,1.17817,0
1508630400000,1.17641,1.17743,1.17513,1.17546,13263.0596
1508716800000,1.17552,1.17774,1.1725,1.17548,182440.8594
1508803200000,1.17548,1.17927,1.17428,1.176,192348.6875
1508889600000,1.17599,1.18203,1.1753,1.18195,217868.6875
1508976000000,1.18195,1.18367,1.16314,1.16377,222254.0938
1509062400000,1.16377,1.16437,1.15741,1.16083,208479.6406
1509148800000,1.16083,1.16083,1.16083,1.16083,0
1509235200000,1.16067,1.16153,1.15937,1.16056,7551.2998
1509321600000,1.16057,1.16579,1.15976,1.16512,191081.9063
1509408000000,1.16513,1.16613,1.16248,1.16518,169713.25
1509494400000,1.16518,1.1657,1.16064,1.16282,196258.1875
1509580800000,1.16282,1.16873,1.16261,1.16586,222217.6563
1509667200000,1.16588,1.16904,1.15991,1.1606,169342.2188
1509753600000,1.1606,1.1606,1.1606,1.1606,0
1509840000000,1.16155,1.16179,1.16038,1.16147,5818.3501
1509926400000,1.16147,1.1624,1.15802,1.16113,184127.3438
1510012800000,1.16113,1.16154,1.15539,1.16008,197382.7813
1510099200000,1.16008,1.16111,1.15792,1.1595,168407.6406
1510185600000,1.1595,1.16548,1.15856,1.16462,214302.625
1510272000000,1.16464,1.16778,1.16227,1.16638,167773.7031
1510358400000,1.16638,1.16638,1.16638,1.16638,0
1510444800000,1.16572,1.16646,1.16558,1.16609,5708.48
1510531200000,1.16609,1.16751,1.16373,1.16646,162501.75
1510617600000,1.16646,1.1805,1.16625,1.17906,182637.5625
1510704000000,1.17907,1.18604,1.17683,1.17826,213275.4531
1510790400000,1.17826,1.18008,1.17569,1.17781,174470.7969
1510876800000,1.17783,1.18217,1.17738,1.17879,189217.9375
1510963200000,1.17879,1.17879,1.17879,1.17879,0
1511049600000,1.17857,1.1797,1.17223,1.17344,16111.1699
1511136000000,1.17344,1.18085,1.17249,1.17371,186928.3281
1511222400000,1.17372,1.17577,1.17128,1.17416,184422.125
1511308800000,1.17416,1.18269,1.17346,1.18146,185656.625
1511395200000,1.18147,1.18559,1.18132,1.18503,148633.8594
1511481600000,1.18504,1.19443,1.18367,1.19286,171776.5
1511568000000,1.19286,1.19286,1.19286,1.19286,0
1511654400000,1.19255,1.1936,1.19239,1.19274,5771.21
1511740800000,1.19273,1.19611,1.18903,1.19041,194033.5625
1511827200000,1.1904,1.19198,1.18271,1.18491,226569.0781
1511913600000,1.18491,1.18827,1.18167,1.1852,207759.5781
1512000000000,1.18519,1.19315,1.1809,1.18979,229024.9844
1512086400000,1.1898,1.19403,1.18508,1.18942,258102.5469
1512172800000,1.18942,1.18942,1.18942,1.18942,0
1512259200000,1.18607,1.18751,1.18562,1.18565,9407.5801
1512345600000,1.18565,1.18785,1.18291,1.18676,214967.2344
1512432000000,1.18677,1.18766,1.18007,1.18304,212470.5
1512518400000,1.18305,1.1848,1.17806,1.18039,210894.9531
1512604800000,1.1804,1.18146,1.17713,1.17725,199774.0469
1512691200000,1.17726,1.17744,1.17301,1.1772,197008.1094
1512777600000,1.1772,1.1772,1.1772,1.1772,0
1512864000000,1.17651,1.17718,1.17636,1.17675,5048.23
1512950400000,1.17675,1.18117,1.17639,1.17762,191002.5156
1513036800000,1.17762,1.17926,1.17174,1.17422,189870.125
1513123200000,1.17423,1.18404,1.17294,1.18361,220791.0313
1513209600000,1.18361,1.18625,1.17645,1.17745,241295.3281
1513296000000,1.17745,1.18123,1.17488,1.17492,200470.3438
1513382400000,1.17492,1.17492,1.17492,1.17492,0
1513468800000,1.17441,1.17509,1.17377,1.17432,8501.2998
1513555200000,1.17432,1.18342,1.1742,1.17837,199837.2031
1513641600000,1.17837,1.18487,1.17764,1.18369,207806.6875
1513728000000,1.18368,1.19017,1.18289,1.18776,198896.2188
1513814400000,1.18776,1.18895,1.18493,1.18521,187995.5
1513900800000,1.18521,1.1864,1.18169,1.18607,178403.75
1513987200000,1.18607,1.18607,1.18607,1.18607,0
1514073600000,1.1844,1.18515,1.1844,1.18505,198.1
1514160000000,1.18505,1.18766,1.18429,1.1871,9768.0898
1514246400000,1.18712,1.18787,1.18465,1.18571,105017.7578
1514332800000,1.1857,1.19102,1.1855,1.19002,180147.875
1514419200000,1.19001,1.19589,1.1897,1.19394,175111.2656
1514505600000,1.19395,1.20254,1.19369,1.19985,171777.125
1514592000000,1.19985,1.19985,1.19985,1.19985,0
1514678400000,1.19985,1.19985,1.19985,1.19985,0
1514764800000,1.20102,1.20166,1.20007,1.20106,8573.2197
1514851200000,1.20105,1.20811,1.20078,1.20614,197155.9063
1514937600000,1.20614,1.20638,1.20011,1.20107,194931.6563
1515024000000,1.20108,1.20889,1.20044,1.20664,210213.4375
1515110400000,1.20663,1.20829,1.20205,1.20304,189702.3438
1515196800000,1.20304,1.20304,1.20304,1.20304,0
1515283200000,1.20265,1.20389,1.20259,1.2037,5754.0601
1515369600000,1.20371,1.20521,1.1956,1.19698,183382.0469
1515456000000,1.19698,1.19755,1.19156,1.19284,205626.3438
1515542400000,1.19282,1.20179,1.19231,1.19558,253338.2031
1515628800000,1.19557,1.20589,1.19291,1.20427,246792.6563
1515715200000,1.20427,1.22184,1.20401,1.21993,276488.125
1515801600000,1.21993,1.21993,1.21993,1.21993,0
1515888000000,1.21933,1.22117,1.21908,1.21919,7288.7002
1515974400000,1.2192,1.22964,1.21876,1.22665,231018.8594
1516060800000,1.22666,1.22828,1.21952,1.22707,262608.375
1516147200000,1.22707,1.23231,1.2165,1.21802,289569.5938
1516233600000,1.21804,1.22648,1.21734,1.2234,254020.75
1516320000000,1.2234,1.22953,1.22145,1.22145,252174.5313
1516406400000,1.22145,1.22145,1.22145,1.22145,0
1516492800000,1.22702,1.22726,1.22338,1.2256,9384.1602
1516579200000,1.22559,1.2267,1.22138,1.22562,233047.9531
1516665600000,1.22564,1.23152,1.2223,1.23086,257732.125
1516752000000,1.23087,1.24149,1.2292,1.23923,296230.2813
1516838400000,1.23921,1.25373,1.23639,1.23914,367825.875
1516924800000,1.23914,1.24936,1.23861,1.24283,317662.375
1517011200000,1.24283,1.24283,1.24283,1.24283,0
1517097600000,1.24232,1.24312,1.24128,1.24312,9490.5195
1517184000000,1.24311,1.24322,1.23367,1.23809,283885
1517270400000,1.2381,1.24538,1.2335,1.24084,300948.0938
1517356800000,1.24084,1.24748,1.23868,1.24168,321338.9375
1517443200000,1.24168,1.25229,1.23854,1.25105,298223.1563
1517529600000,1.25107,1.25182,1.24092,1.24559,299589.6875
1517616000000,1.24559,1.24559,1.24559,1.24559,0
1517702400000,1.2432,1.24547,1.24243,1.24462,13303.75
1517788800000,1.24462,1.24748,1.23626,1.23666,319407.3438
1517875200000,1.23667,1.24343,1.23138,1.23803,414817.1563
1517961600000,1.23803,1.24055,1.22459,1.227,316532.5625
1518048000000,1.22699,1.22948,1.2212,1.22606,366027.2188
1518134400000,1.22607,1.22873,1.22054,1.2251,320626.8125
1518220800000,1.2251,1.2251,1.2251,1.2251,0
1518307200000,1.22483,1.22524,1.22418,1.22522,8102.54
1518393600000,1.22523,1.23071,1.2235,1.23004,246655.7031
1518480000000,1.23009,1.2371,1.22844,1.23536,257680.1563
1518566400000,1.23537,1.24695,1.22758,1.24681,301226.3125
1518652800000,1.24682,1.25103,1.24478,1.25027,289094.1563
1518739200000,1.25027,1.25553,1.23931,1.24041,285733.0313
1518825600000,1.24041,1.24041,1.24041,1.24041,0
1518912000000,1.24015,1.24204,1.24014,1.24117,6402.6899
1518998400000,1.24117,1.24349,1.2369,1.24002,193454.4531
1519084800000,1.24001,1.24106,1.23199,1.23353,266378.2813
1519171200000,1.23352,1.23598,1.22734,1.22804,280812.5313
1519257600000,1.22805,1.2352,1.22597,1.23256,262317.4063
1519344000000,1.23256,1.23316,1.22798,1.22937,219908.9375
1519430400000,1.22937,1.22937,1.22937,1.22937,0
1519516800000,1.22928,1.22947,1.22809,1.22883,6659.2402
1519603200000,1.22883,1.2355,1.22776,1.23149,224911.2969
1519689600000,1.23149,1.23462,1.22216,1.22259,249965.875
1519776000000,1.22258,1.22412,1.21878,1.21915,254894.875
1519862400000,1.21915,1.22747,1.21546,1.2271,281951.8125
1519948800000,1.22709,1.23358,1.22514,1.23186,264913.0938
1520035200000,1.23186,1.23186,1.23186,1.23186,0
1520121600000,1.23248,1.23641,1.22995,1.23176,17418.1191
1520208000000,1.23176,1.23487,1.22688,1.23365,247128.5781
1520294400000,1.23365,1.24287,1.23281,1.24155,250087.625
1520380800000,1.24154,1.2445,1.23847,1.24122,269820.5313
1520467200000,1.24122,1.2446,1.22979,1.23067,270455.4688
1520553600000,1.2307,1.23342,1.2273,1.23041,264422.6875
1520640000000,1.23041,1.23041,1.23041,1.23041,0
1520726400000,1.23094,1.23133,1.2306,1.23084,8653.8604
1520812800000,1.23083,1.23455,1.22903,1.23384,205139.6719
1520899200000,1.23383,1.24074,1.23145,1.23928,249276.1719
1520985600000,1.23928,1.24125,1.23471,1.23747,220999.625
1521072000000,1.23746,1.23836,1.23001,1.23062,225221.7031
1521158400000,1.23061,1.2336,1.22602,1.22889,196011.375
1521244800000,1.22889,1.22889,1.22889,1.22889,0
1521331200000,1.22817,1.22919,1.22799,1.22807,7730.9199
1521417600000,1.22807,1.23586,1.22579,1.23365,229503.2813
1521504000000,1.23365,1.23545,1.22399,1.22482,237447.9844
1521590400000,1.22483,1.23499,1.22467,1.23463,260896.9531
1521676800000,1.23464,1.23884,1.22855,1.23239,287729.2188
1521763200000,1.23239,1.23733,1.23166,1.23522,250785.8906
1521849600000,1.23522,1.23522,1.23522,1.23522,0
1521936000000,1.2347,1.23673,1.2347,1.23541,8129.8101
1522022400000,1.23541,1.24615,1.23517,1.24572,266398.9688
1522108800000,1.2457,1.24765,1.23723,1.24087,311755.9375
1522195200000,1.24086,1.24215,1.23001,1.23125,268466.7813
1522281600000,1.23124,1.23352,1.22838,1.23018,243556.1406
1522368000000,1.23018,1.23305,1.22898,1.232,76608.2188
1522454400000,1.232,1.232,1.232,1.232,0
1522540800000,1.23199,1.2323,1.23124,1.23125,7856.4102
1522627200000,1.23127,1.23449,1.2282,1.22931,156721.0781
1522713600000,1.22931,1.23352,1.22537,1.22781,226872.3125
1522800000000,1.22781,1.23145,1.2257,1.22872,233257.3594
1522886400000,1.22873,1.22901,1.22182,1.22485,230162.875
1522972800000,1.22489,1.22907,1.22151,1.22792,264556.125
1523059200000,1.22792,1.22792,1.22792,1.22792,0
1523145600000,1.22824,1.22833,1.22656,1.22709,9185.6504
1523232000000,1.22709,1.23308,1.22602,1.23206,246667.2656
1523318400000,1.23206,1.23776,1.23027,1.23627,265899.4375
1523404800000,1.23627,1.23964,1.2347,1.23719,301237.125
1523491200000,1.23719,1.23797,1.22993,1.23295,245799.3438
1523577600000,1.23293,1.23458,1.2307,1.23282,206969.5625
1523664000000,1.23282,1.23282,1.23282,1.23282,0
1523750400000,1.23278,1.23366,1.23231,1.23316,6422.2598
1523836800000,1.23316,1.23945,1.23242,1.23837,214910.3281
1523923200000,1.23837,1.24136,1.23362,1.23724,219237.3125
1524009600000,1.23724,1.23971,1.23418,1.23785,233803.5313
1524096000000,1.23786,1.24001,1.2329,1.2343,237982.7188
1524182400000,1.2343,1.23529,1.22499,1.22846,205993.0625
1524268800000,1.22846,1.22846,1.22846,1.22846,0
1524355200000,1.22699,1.2288,1.22699,1.22737,10516.4502
1524441600000,1.22738,1.22894,1.21977,1.22092,244260.4219
1524528000000,1.22094,1.22448,1.21817,1.22372,225410.9688
1524614400000,1.22372,1.22372,1.21599,1.21706,230369.8125
1524700800000,1.21707,1.22099,1.20962,1.21081,255335.2188
1524787200000,1.21081,1.21327,1.20556,1.21291,209457.4375
1524873600000,1.21291,1.21291,1.21291,1.21291,0
1524960000000,1.21224,1.2129,1.21188,1.21226,8343.54
1525046400000,1.21226,1.21386,1.20643,1.20815,230675.3594
1525132800000,1.20815,1.20828,1.19814,1.1991,208487.7813
1525219200000,1.19912,1.20316,1.19378,1.19504,272080.2188
1525305600000,1.19504,1.20087,1.19479,1.19886,262257.2188
1525392000000,1.19886,1.19954,1.19107,1.1955,207802.2188
1525478400000,1.1955,1.1955,1.1955,1.1955,0
1525564800000,1.19557,1.1964,1.19545,1.19545,6517.23
1525651200000,1.19544,1.19779,1.18975,1.19331,200538.6094
1525737600000,1.19331,1.19387,1.1838,1.18671,238088.8281
1525824000000,1.18673,1.18969,1.18227,1.18467,239571.1563
1525910400000,1.18465,1.19463,1.1844,1.19137,264411.625
1525996800000,1.19137,1.19678,1.18911,1.19395,216401.9531
1526083200000,1.19395,1.19395,1.19395,1.19395,0
1526169600000,1.19385,1.19555,1.19379,1.19524,9086.3701
1526256000000,1.19524,1.19959,1.19231,1.19309,247308.5
1526342400000,1.1931,1.19384,1.18168,1.18203,259227.8438
1526428800000,1.18205,1.18541,1.17635,1.18146,278499.7813
1526515200000,1.18146,1.18373,1.17765,1.179,297010.25
1526601600000,1.179,1.18221,1.17498,1.17689,228028.8906
1526688000000,1.17689,1.17689,1.17689,1.17689,0
1526774400000,1.17684,1.17756,1.17603,1.17651,10193.6104
1526860800000,1.17651,1.17973,1.17165,1.17899,229934.4375
1526947200000,1.17899,1.18296,1.17567,1.17878,255255.8125
1527033600000,1.1788,1.17889,1.16758,1.17091,311289.125
1527120000000,1.17092,1.17501,1.16906,1.17219,284713.1875
1527206400000,1.1722,1.17335,1.16455,1.16478,257274.125
1527292800000,1.16478,1.16478,1.16478,1.16478,0
1527379200000,1.16862,1.1692,1.16758,1.16884,14555.7197
1527465600000,1.16886,1.17283,1.16073,1.16261,208792.6563
1527552000000,1.16264,1.16394,1.15099,1.15375,333584.1563
1527638400000,1.15375,1.16759,1.15186,1.16646,317803.5938
1527724800000,1.16646,1.17243,1.1641,1.16922,288710.6875
1527811200000,1.16922,1.17178,1.1617,1.16584,260814.9219
1527897600000,1.16584,1.16584,1.16584,1.16584,0
1527984000000,1.16561,1.16689,1.16561,1.16672,6526.2598
1528070400000,1.1667,1.17444,1.1667,1.17,244045.4844
1528156800000,1.17,1.17324,1.16525,1.17261,255717.2031
1528243200000,1.17263,1.17956,1.17139,1.17813,245152.4844
1528329600000,1.17812,1.18398,1.1781,1.17931,247115.4531
1528416000000,1.17931,1.18103,1.17271,1.17666,236194.875
1528502400000,1.17666,1.17666,1.17666,1.17666,0
1528588800000,1.17736,1.17857,1.1771,1.17845,6645.1201
1528675200000,1.17845,1.18205,1.17715,1.17725,207873.4063
1528761600000,1.17726,1.18088,1.17334,1.17475,236702.7188
1528848000000,1.17475,1.18047,1.17254,1.18032,240726.7344
1528934400000,1.1803,1.18516,1.15607,1.15633,288776.2813
1529020800000,1.15629,1.16269,1.15432,1.16059,249091.2031
1529107200000,1.16059,1.16059,1.16059,1.16059,0
1529193600000,1.15874,1.1602,1.1586,1.1593,8992.4297
1529280000000,1.1593,1.1641,1.15653,1.16298,215886.4219
1529366400000,1.16297,1.16445,1.15307,1.15881,273936.4688
1529452800000,1.15882,1.15999,1.15365,1.15773,246503.8594
1529539200000,1.15774,1.16334,1.15082,1.16043,289165.0938
1529625600000,1.16043,1.16749,1.16005,1.16561,251501.2969
1529712000000,1.16561,1.16561,1.16561,1.16561,0
1529798400000,1.16622,1.16728,1.16577,1.166,13863.4502
1529884800000,1.16603,1.1713,1.16286,1.17009,262553.4063
1529971200000,1.17009,1.17203,1.16348,1.16493,284540.0625
1530057600000,1.16493,1.1672,1.15407,1.15629,334885.4375
1530144000000,1.15628,1.16005,1.15271,1.15634,288569
1530230400000,1.15634,1.16902,1.15632,1.16847,286305.25
1530316800000,1.16847,1.16847,1.16847,1.16847,0
1530403200000,1.16747,1.169,1.16616,1.16786,16543.6992
1530489600000,1.16778,1.16789,1.15911,1.16415,242756.4531
1530576000000,1.16413,1.16731,1.16204,1.16589,248250.2969
1530662400000,1.16587,1.16817,1.16305,1.16601,194700.0938
1530748800000,1.16602,1.17201,1.165,1.16918,265512.7188
1530835200000,1.16919,1.17676,1.168,1.17444,231725.0156
1530921600000,1.17444,1.17444,1.17444,1.17444,0
1531008000000,1.17392,1.17541,1.17387,1.17517,12503.0801
1531094400000,1.17514,1.17906,1.17326,1.1756,238514.0625
1531180800000,1.1756,1.17624,1.16901,1.17279,240910.9844
1531267200000,1.17279,1.1758,1.16653,1.16749,280838.2188
1531353600000,1.16749,1.16955,1.16497,1.16638,245254.6563
1531440000000,1.16637,1.16868,1.16129,1.16843,229295.9063
1531526400000,1.16843,1.16843,1.16843,1.16843,0
1531612800000,1.16896,1.16912,1.1677,1.16783,8986.7402
1531699200000,1.16783,1.17253,1.16756,1.1709,234071.25
1531785600000,1.1709,1.17446,1.16484,1.1653,266361.6875
1531872000000,1.16536,1.16648,1.16019,1.16449,258028.4375
1531958400000,1.16449,1.16785,1.15748,1.16544,313041.2813
1532044800000,1.16547,1.17387,1.16262,1.17196,306314.6563
1532131200000,1.17196,1.17196,1.17196,1.17196,0
1532217600000,1.17252,1.17453,1.17233,1.17403,13401.2305
1532304000000,1.17404,1.17497,1.16836,1.16934,247690.5
1532390400000,1.16934,1.17168,1.16545,1.16845,247134.8125
1532476800000,1.16846,1.17387,1.1664,1.17379,260995.2969
1532563200000,1.17379,1.17436,1.16379,1.16437,254430.9531
1532649600000,1.16436,1.16642,1.16203,1.16559,215431.625
1532736000000,1.16559,1.16559,1.16559,1.16559,0
1532822400000,1.16561,1.16604,1.16525,1.16591,7267.5
1532908800000,1.16591,1.17186,1.16479,1.17071,194144.9531
1532995200000,1.17071,1.17458,1.16838,1.1689,229884.9688
1533081600000,1.1689,1.16994,1.16572,1.16631,229051.5938
1533168000000,1.16632,1.16675,1.15816,1.1585,229159.4375
1533254400000,1.15851,1.16105,1.15603,1.1567,233864.8125
1533340800000,1.1567,1.1567,1.1567,1.1567,0
1533427200000,1.15663,1.15705,1.15601,1.15615,9090.0898
1533513600000,1.15615,1.15702,1.153,1.15579,205637.125
1533600000000,1.1558,1.16082,1.15515,1.16029,208332.0156
1533686400000,1.16029,1.16281,1.15732,1.16092,205556.9063
1533772800000,1.16092,1.16192,1.15162,1.1524,227591.1406
1533859200000,1.15239,1.15363,1.13881,1.1409,287052.1875
1533945600000,1.1409,1.1409,1.1409,1.1409,0
1534032000000,1.1371,1.14115,1.13708,1.13946,14119.9805
1534118400000,1.13948,1.14328,1.13649,1.14004,266613.3438
1534204800000,1.14004,1.14294,1.13302,1.13466,256380.9063
1534291200000,1.13466,1.13548,1.13009,1.13416,246675.1875
1534377600000,1.13416,1.14091,1.13357,1.13718,244651.7344
1534464000000,1.13719,1.14448,1.13663,1.14379,205910.875
1534550400000,1.14379,1.14379,1.14379,1.14379,0
1534636800000,1.14371,1.14399,1.14353,1.14378,6480.6401
1534723200000,1.14379,1.14931,1.13942,1.14918,221939.25
1534809600000,1.14918,1.16011,1.14854,1.15759,262909.375
1534896000000,1.15761,1.16229,1.15531,1.15857,228376.8125
1534982400000,1.15857,1.15906,1.15298,1.15419,228104.2813
1535068800000,1.15419,1.16397,1.15381,1.16205,225871.7656
1535155200000,1.16205,1.16205,1.16205,1.16205,0
1535241600000,1.16141,1.16534,1.1614,1.16451,8815.7695
1535328000000,1.1645,1.16935,1.15943,1.1684,204865.9375
1535414400000,1.16842,1.17334,1.16625,1.16932,237164.0625
1535500800000,1.16932,1.17106,1.1652,1.17093,235416.1094
1535587200000,1.17094,1.17181,1.16417,1.16654,238798.7344
1535673600000,1.16654,1.16901,1.15845,1.15997,234403.4531
1535760000000,1.15997,1.15997,1.15997,1.15997,0
1535846400000,1.15961,1.16037,1.15926,1.1598,7132.98
1535932800000,1.15979,1.16278,1.15889,1.16138,163896.625
1536019200000,1.16139,1.16141,1.15301,1.15871,219100.5938
1536105600000,1.15872,1.164,1.15425,1.16344,260146.5469
1536192000000,1.16346,1.16592,1.16055,1.16198,233894.7969
1536278400000,1.162,1.16495,1.15506,1.1552,231931.5625
1536364800000,1.1552,1.1552,1.1552,1.1552,0
1536451200000,1.15483,1.15608,1.15474,1.15607,6051.75
1536537600000,1.15605,1.16161,1.1526,1.15935,195406.75
1536624000000,1.15935,1.16441,1.15654,1.15955,211081.375
1536710400000,1.15954,1.16496,1.15699,1.16253,231822.6719
1536796800000,1.16253,1.17009,1.16091,1.16911,222189.7344
1536883200000,1.16912,1.17215,1.16206,1.16227,205084.9375
1536969600000,1.16227,1.16227,1.16227,1.16227,0
1537056000000,1.16223,1.16322,1.16219,1.16234,6214.1099
1537142400000,1.16234,1.16981,1.1618,1.16685,187743.1719
1537228800000,1.16686,1.17243,1.16521,1.16775,225014.8125
1537315200000,1.16777,1.17149,1.165,1.1674,228799.5
1537401600000,1.16738,1.17845,1.16719,1.17755,241614.125
1537488000000,1.17756,1.18027,1.17327,1.17473,199892.3438
1537574400000,1.17473,1.17473,1.17473,1.17473,0
1537660800000,1.17432,1.17522,1.17378,1.17485,7622.4502
1537747200000,1.17483,1.18153,1.17241,1.17523,203649.25
1537833600000,1.17525,1.17925,1.1731,1.17628,210535.3438
1537920000000,1.17629,1.17976,1.17259,1.17469,215615.5938
1538006400000,1.17469,1.17571,1.16331,1.1636,269085.4688
1538092800000,1.1636,1.16511,1.15698,1.16019,223588.2969
1538179200000,1.16019,1.16019,1.16019,1.16019,0
1538265600000,1.16171,1.16173,1.16028,1.16052,6585.48
1538352000000,1.16052,1.16246,1.15635,1.15769,203564.4063
1538438400000,1.1577,1.15802,1.15052,1.15503,242329.2813
1538524800000,1.15503,1.15936,1.14645,1.14764,263688.8125
1538611200000,1.14765,1.15426,1.14633,1.15173,230818.875
1538697600000,1.15173,1.15495,1.14838,1.15174,225535.1563
1538784000000,1.15174,1.15174,1.15174,1.15174,0
1538870400000,1.1521,1.15275,1.15197,1.15238,7581.4102
1538956800000,1.15238,1.15296,1.14599,1.14941,186998.5938
1539043200000,1.14941,1.15087,1.14321,1.15046,256529.2188
1539129600000,1.15046,1.15452,1.14798,1.1533,238184.1875
1539216000000,1.1533,1.15994,1.15311,1.159,290556.9688
1539302400000,1.15899,1.16104,1.15343,1.15571,228332.9375
1539388800000,1.15571,1.15571,1.15571,1.15571,0
1539475200000,1.15372,1.15534,1.15369,1.15504,9901.0303
1539561600000,1.15505,1.16061,1.1543,1.15828,213659.9063
1539648000000,1.15828,1.16212,1.1566,1.15762,216750.8125
1539734400000,1.15763,1.15803,1.14953,1.15011,242886.6563
1539820800000,1.15012,1.15272,1.14492,1.14539,249737.8125
1539907200000,1.14539,1.15345,1.14331,1.15142,240374.9063
1539993600000,1.15142,1.15142,1.15142,1.15142,0
1540080000000,1.15149,1.15179,1.15084,1.15105,8602.6299
1540166400000,1.15106,1.15501,1.14557,1.14646,223824.75
1540252800000,1.14646,1.14934,1.14392,1.14706,261417.0469
1540339200000,1.14706,1.14766,1.13789,1.13988,259360.0625
1540425600000,1.13987,1.14326,1.13561,1.13753,246924.375
1540512000000,1.13753,1.14209,1.13355,1.14021,257994.2031
1540598400000,1.14021,1.14021,1.14021,1.14021,0
1540684800000,1.13921,1.14038,1.13921,1.1398,7206.6499
1540771200000,1.1398,1.14163,1.13606,1.13755,244321.5469
1540857600000,1.13756,1.13877,1.13404,1.13453,216733.7813
1540944000000,1.13452,1.13601,1.1302,1.13145,238968.7344
1541030400000,1.13146,1.14241,1.13126,1.14027,256706.6094
1541116800000,1.14028,1.14557,1.13722,1.1386,231809.25
1541203200000,1.1386,1.1386,1.1386,1.1386,0
1541289600000,1.13863,1.13993,1.13862,1.13976,10993.5898
1541376000000,1.13975,1.14239,1.1353,1.14083,214827.9375
1541462400000,1.14083,1.14417,1.13913,1.1441,227445.9219
1541548800000,1.1441,1.14995,1.13947,1.14325,299458.5625
1541635200000,1.14325,1.14465,1.13515,1.13679,253817.375
1541721600000,1.13678,1.13689,1.13161,1.13342,240480.625
1541808000000,1.13342,1.13342,1.13342,1.13342,0
1541894400000,1.13182,1.13285,1.13137,1.13237,11790.2002
1541980800000,1.13239,1.13305,1.12156,1.12235,236134.625
1542067200000,1.12235,1.13212,1.12218,1.13109,343142.9063
1542153600000,1.13111,1.13475,1.12632,1.13121,291523.0625
1542240000000,1.13121,1.13622,1.12705,1.13243,291819.5938
1542326400000,1.13244,1.14202,1.13216,1.14185,245949.2344
1542412800000,1.14185,1.14185,1.14185,1.14185,0
1542499200000,1.14133,1.14211,1.14061,1.14136,10798.5303
1542585600000,1.14135,1.14644,1.13938,1.1454,204704.4375
1542672000000,1.1454,1.14723,1.13587,1.13721,239103.9844
1542758400000,1.1372,1.14245,1.13656,1.13884,234284.0625
1542844800000,1.13885,1.1434,1.13853,1.14026,170538.8906
1542931200000,1.14027,1.14209,1.13275,1.13355,336333.5938
1543017600000,1.13355,1.13355,1.13355,1.13355,0
1543104000000,1.13401,1.13407,1.13305,1.13374,9716.54
1543190400000,1.13374,1.13837,1.1325,1.13331,228041.9531
1543276800000,1.13331,1.13436,1.12775,1.12969,245549.2656
1543363200000,1.1297,1.13875,1.12671,1.13674,266362.7188
1543449600000,1.13674,1.14016,1.13486,1.13924,264739.7188
1543536000000,1.13924,1.14003,1.13054,1.13164,252452.7344
1543622400000,1.13164,1.13164,1.13164,1.13164,0
1543708800000,1.13499,1.13502,1.13282,1.13421,11397.2598
1543795200000,1.13422,1.13796,1.13192,1.13541,243990.2031
1543881600000,1.13541,1.14187,1.13185,1.13424,284073.9375
1543968000000,1.13425,1.13612,1.13107,1.13487,197094.8438
1544054400000,1.13487,1.14123,1.13209,1.13758,280059.1563
1544140800000,1.13758,1.14235,1.13603,1.13758,242705.1875
1544227200000,1.13758,1.13758,1.13758,1.13758,0
1544313600000,1.13909,1.14067,1.13906,1.13995,9642.3301
1544400000000,1.13996,1.14426,1.13504,1.13558,256937.5781
1544486400000,1.13559,1.14002,1.13062,1.13216,261593.6094
1544572800000,1.13215,1.13872,1.13148,1.13725,264787.6563
1544659200000,1.13725,1.13932,1.1331,1.1363,251050.25
1544745600000,1.1363,1.13649,1.12699,1.13045,255950.8438
1544832000000,1.13045,1.13045,1.13045,1.13045,0
1544918400000,1.13008,1.13083,1.12967,1.13041,12067.7002
1545004800000,1.13043,1.13577,1.13027,1.13493,213611.75
1545091200000,1.13495,1.14022,1.13366,1.13758,250202.4375
1545177600000,1.13756,1.14392,1.13643,1.13865,396079.875
1545264000000,1.13865,1.14859,1.13771,1.14565,521394.2813
1545350400000,1.14566,1.14739,1.13559,1.13684,457889.4375
1545436800000,1.13684,1.13684,1.13684,1.13684,0
1545523200000,1.13692,1.13738,1.13604,1.13723,9257.1201
1545609600000,1.13723,1.14384,1.13705,1.13995,364501.9063
1545696000000,1.13998,1.14198,1.13892,1.14131,19137.8809
1545782400000,1.14132,1.14163,1.13428,1.13601,261304.7188
1545868800000,1.13602,1.1454,1.1358,1.14304,556935.8125
1545955200000,1.14306,1.14727,1.14299,1.14414,444843.9375
1546041600000,1.14414,1.14414,1.14414,1.14414,0
1546128000000,1.14331,1.14406,1.14331,1.14389,9853.8096
1546214400000,1.14389,1.14674,1.14213,1.14627,306212.9688
1546300800000,1.14598,1.14676,1.14566,1.14612,11818.9004
1546387200000,1.14612,1.14967,1.13092,1.13121,455444.6563
1546473600000,1.13122,1.1411,1.13099,1.13899,494514.1875
1546560000000,1.13901,1.14189,1.13456,1.13943,403754.375
1546646400000,1.13943,1.13943,1.13943,1.13943,0
1546732800000,1.13955,1.14129,1.13954,1.14102,12460.9502
1546819200000,1.14102,1.14826,1.14046,1.14789,362818.625
1546905600000,1.1479,1.14844,1.14222,1.14572,373028.3125
1546992000000,1.14573,1.15578,1.14389,1.15541,464484.8438
1547078400000,1.15541,1.15697,1.14844,1.15081,501643.2188
1547164800000,1.15082,1.15403,1.1458,1.14656,369059.2813
1547251200000,1.14656,1.14656,1.14656,1.14656,0
1547337600000,1.14589,1.14685,1.14583,1.14597,8476.8203
1547424000000,1.14598,1.1482,1.14506,1.14726,347342.125
1547510400000,1.14727,1.14896,1.13819,1.14141,427916.25
1547596800000,1.1414,1.14248,1.13777,1.13994,373027.375
1547683200000,1.13994,1.14059,1.137,1.1392,380918
1547769600000,1.1392,1.14103,1.13532,1.13614,383249.3125
1547856000000,1.13614,1.13614,1.13614,1.13614,0
1547942400000,1.13603,1.1368,1.13602,1.1365,7081.8701
1548028800000,1.13651,1.1391,1.13567,1.13688,237382.0469
1548115200000,1.13687,1.13739,1.13361,1.13633,365964.5625
1548201600000,1.13634,1.13942,1.13505,1.13861,378517.625
1548288000000,1.13861,1.13913,1.12892,1.13126,436798.0625
1548374400000,1.13127,1.14176,1.13049,1.14032,421710.4688
1548460800000,1.14032,1.14032,1.14032,1.14032,0
1548547200000,1.14005,1.14134,1.14004,1.14127,7595.1001
1548633600000,1.14127,1.14436,1.139,1.14294,354877.875
1548720000000,1.14295,1.14501,1.14111,1.14348,424913.4375
1548806400000,1.14348,1.15016,1.14062,1.14853,431876.7813
1548892800000,1.14852,1.15141,1.14356,1.14482,477127.375
1548979200000,1.14482,1.14884,1.14343,1.14547,398191.5313
1549065600000,1.14547,1.14547,1.14547,1.14547,0
1549152000000,1.14503,1.14581,1.14503,1.14543,6497.2202
1549238400000,1.14543,1.14603,1.14244,1.14349,367141.9688
1549324800000,1.14348,1.14404,1.14011,1.14087,331771.9688
1549411200000,1.14087,1.14091,1.13608,1.13656,350166.0938
1549497600000,1.13655,1.13675,1.13244,1.13382,375756.25
1549584000000,1.13382,1.13508,1.13207,1.13207,330732.8125
1549670400000,1.13207,1.13207,1.13207,1.13207,0
1549756800000,1.13186,1.13248,1.13148,1.13237,8475.7402
1549843200000,1.13239,1.13298,1.12672,1.12785,378811.625
1549929600000,1.12785,1.13396,1.12577,1.13336,404102.6563
1550016000000,1.13336,1.13414,1.1249,1.12646,380532.4063
1550102400000,1.12646,1.13098,1.12498,1.12947,416725.5625
1550188800000,1.12946,1.13061,1.1234,1.12925,428528.3438
1550275200000,1.12925,1.12925,1.12925,1.12925,0
1550361600000,1.12906,1.12959,1.12889,1.12948,8065.1001
1550448000000,1.12948,1.13338,1.12937,1.13114,264432.375
1550534400000,1.13115,1.13574,1.12755,1.13399,408625.0313
1550620800000,1.13399,1.13711,1.13249,1.13461,393154.5
1550707200000,1.13461,1.13663,1.13202,1.13398,444394.7188
1550793600000,1.13399,1.13556,1.13161,1.13319,385471.6563
1550880000000,1.13319,1.13319,1.13319,1.13319,0
1550966400000,1.1334,1.13421,1.13281,1.1342,10788.8701
1551052800000,1.13421,1.13675,1.13367,1.13647,368447.75
1551139200000,1.13647,1.14027,1.1345,1.1393,417596.3125
1551225600000,1.13931,1.14036,1.13622,1.13795,422988.3438
1551312000000,1.13796,1.14197,1.13595,1.1373,457608.4688
1551398400000,1.13731,1.14085,1.13533,1.13633,405553.75
1551484800000,1.13633,1.13633,1.13633,1.13633,0
1551571200000,1.13811,1.13826,1.13722,1.13749,10698.1201
1551657600000,1.13749,1.1375,1.1309,1.13362,406415.6563
1551744000000,1.13363,1.13384,1.12895,1.1306,394725.25
1551830400000,1.13059,1.13245,1.12855,1.13129,322848.125
1551916800000,1.1313,1.13202,1.11764,1.1198,390830.4063
1552003200000,1.1198,1.12461,1.11852,1.12311,374351
1552089600000,1.12311,1.12311,1.12311,1.12311,0
1552176000000,1.12316,1.12374,1.12304,1.12315,7755.2598
1552262400000,1.12315,1.12738,1.12217,1.12591,323944.1563
1552348800000,1.1259,1.13049,1.12492,1.12865,320871.9375
1552435200000,1.12864,1.13385,1.12773,1.13303,305061.0625
1552521600000,1.13304,1.13361,1.1294,1.13064,328504.875
1552608000000,1.13066,1.13443,1.13,1.1324,289446.9688
1552694400000,1.1324,1.1324,1.1324,1.1324,0
1552780800000,1.13201,1.13277,1.13189,1.13192,6321.3701
1552867200000,1.13193,1.13589,1.13192,1.1336,256610.2188
1552953600000,1.1336,1.13615,1.13336,1.13542,272290.75
1553040000000,1.13543,1.1448,1.13354,1.14284,367710.75
1553126400000,1.14282,1.14373,1.13425,1.13737,355410.4063
1553212800000,1.13737,1.13905,1.12732,1.13004,402377.6563
1553299200000,1.13004,1.13004,1.13004,1.13004,0
1553385600000,1.12892,1.13011,1.12883,1.12955,8383.6602
1553472000000,1.12956,1.13314,1.12889,1.13151,341816.0313
1553558400000,1.13152,1.13259,1.12632,1.12738,336568.125
1553644800000,1.12737,1.12855,1.12421,1.12521,422556.4375
1553731200000,1.12518,1.12612,1.12135,1.12298,426452.1875
1553817600000,1.12297,1.12466,1.12098,1.12179,424280.375
1553904000000,1.12179,1.12179,1.12179,1.12179,0
1553990400000,1.12254,1.12312,1.12199,1.12231,10782.1797
1554076800000,1.12231,1.12498,1.11984,1.12049,414214.375
1554163200000,1.12049,1.1216,1.11836,1.12032,437698.1563
1554249600000,1.12032,1.12547,1.12019,1.12446,464945.6563
1554336000000,1.12447,1.12475,1.12059,1.12222,382615.9063
1554422400000,1.12222,1.12472,1.12099,1.12142,331661.3438
1554508800000,1.12142,1.12142,1.12142,1.12142,0
1554595200000,1.12138,1.12213,1.12118,1.12181,7693.8501
1554681600000,1.12181,1.12744,1.12148,1.12555,386557.5313
1554768000000,1.12557,1.12842,1.12554,1.12655,384052.25
1554854400000,1.12654,1.12876,1.12294,1.12758,433096.7813
1554940800000,1.12759,1.12873,1.12498,1.12601,382614.5938
1555027200000,1.12602,1.13239,1.12572,1.12976,401664.2813
1555113600000,1.12976,1.12976,1.12976,1.12976,0
1555200000000,1.13035,1.13072,1.12991,1.13028,10414.8799
1555286400000,1.13029,1.13209,1.12975,1.13043,376604.9688
1555372800000,1.13044,1.13139,1.12788,1.12845,478236.75
1555459200000,1.12845,1.13237,1.12813,1.12965,394230.75
1555545600000,1.12964,1.13039,1.12261,1.12349,411987.1875
1555632000000,1.12349,1.12476,1.12323,1.12408,106163.7969
1555718400000,1.12408,1.12408,1.12408,1.12408,0
1555804800000,1.12408,1.12452,1.12373,1.1244,6034.6099
1555891200000,1.1244,1.1262,1.12357,1.12584,184842.3281
1555977600000,1.12585,1.12612,1.11921,1.12237,366794.0938
1556064000000,1.12239,1.12241,1.11406,1.11533,396092.9375
1556150400000,1.11534,1.11623,1.11178,1.11353,346843.25
1556236800000,1.11353,1.11739,1.11111,1.11429,341314.0938
1556323200000,1.11429,1.11429,1.11429,1.11429,0
1556409600000,1.11441,1.11516,1.11441,1.11494,8087.2598
1556496000000,1.11494,1.11869,1.1145,1.11848,285596.4375
1556582400000,1.11847,1.1229,1.11757,1.12157,320017.5625
1556668800000,1.12157,1.12647,1.1187,1.12024,243803.0938
1556755200000,1.12023,1.1219,1.11707,1.11729,302647.875
1556841600000,1.11728,1.12047,1.1135,1.12007,332884.1563
1556928000000,1.12007,1.12007,1.12007,1.12007,0
1557014400000,1.11799,1.12003,1.11672,1.11846,20415.4902
1557100800000,1.11846,1.12092,1.1179,1.1201,307459.6875
1557187200000,1.12011,1.12178,1.11666,1.11895,342101.75
1557273600000,1.11893,1.12136,1.11827,1.11977,370041.2188
1557360000000,1.11977,1.12509,1.11734,1.12184,410143.5938
1557446400000,1.12185,1.12536,1.12177,1.12329,366677.1563
1557532800000,1.12329,1.12329,1.12329,1.12329,0
1557619200000,1.1232,1.12408,1.12299,1.12357,10570.2695
1557705600000,1.12358,1.12635,1.12191,1.1232,330177.5
1557792000000,1.1232,1.12439,1.12011,1.12032,312740.9688
1557878400000,1.12031,1.12245,1.11779,1.12068,344234.0313
1557964800000,1.12069,1.12238,1.11662,1.11731,330368.4375
1558051200000,1.1173,1.11841,1.11551,1.11563,348250.1875
1558137600000,1.11563,1.11563,1.11563,1.11563,0
1558224000000,1.11598,1.11666,1.11598,1.11646,9331.1104
1558310400000,1.11646,1.11748,1.11506,1.11673,305009.75
1558396800000,1.11673,1.1188,1.11419,1.11643,333000.625
1558483200000,1.11643,1.11802,1.11485,1.11552,286002.5
1558569600000,1.11553,1.11875,1.1107,1.11841,368229.4063
1558656000000,1.11841,1.12121,1.11771,1.12043,308644
1558742400000,1.12043,1.12043,1.12043,1.12043,0
1558828800000,1.12091,1.12116,1.12067,1.12068,8195.25
1558915200000,1.12067,1.12151,1.11869,1.11934,192217.2188
1559001600000,1.11933,1.11983,1.11592,1.11681,306191
1559088000000,1.11682,1.11724,1.11243,1.11366,354138.3125
1559174400000,1.11365,1.11433,1.1116,1.11295,300563.125
1559260800000,1.11295,1.11797,1.11251,1.11678,412709.2813
1559347200000,1.11678,1.11678,1.11678,1.11678,0
1559433600000,1.11607,1.11741,1.11607,1.11736,11255.4199
1559520000000,1.11736,1.12619,1.11601,1.12457,373774.8125
1559606400000,1.12458,1.12774,1.12267,1.12536,410688.75
1559692800000,1.12535,1.13065,1.122,1.12286,399166.2188
1559779200000,1.12286,1.1309,1.12008,1.12755,363147.4063
1559865600000,1.12756,1.13477,1.12512,1.13334,347017.1875
1559952000000,1.13334,1.13334,1.13334,1.13334,0
1560038400000,1.1322,1.13308,1.13143,1.1319,10583.6797
1560124800000,1.1319,1.13243,1.12902,1.13179,319896.625
1560211200000,1.13179,1.13374,1.13013,1.13295,358230.8438
1560297600000,1.13295,1.13434,1.12824,1.12924,374913.3125
1560384000000,1.12924,1.13037,1.12683,1.12795,353159.9688
1560470400000,1.12794,1.12891,1.12024,1.1205,344535.5625
1560556800000,1.1205,1.1205,1.1205,1.1205,0
1560643200000,1.12089,1.12172,1.12088,1.12155,9786.54
1560729600000,1.12155,1.1247,1.12037,1.12242,244337.5156
1560816000000,1.12244,1.12428,1.11813,1.11978,389081
1560902400000,1.11978,1.12542,1.11871,1.12357,323580.7813
1560988800000,1.12357,1.13173,1.12351,1.12943,428182.5
1561075200000,1.12943,1.13777,1.1283,1.13679,407208.4375
1561161600000,1.13679,1.13679,1.13679,1.13679,0
1561248000000,1.13695,1.13852,1.13662,1.1385,12484.9102
1561334400000,1.1385,1.14039,1.13725,1.13991,295616.5938
1561420800000,1.13993,1.14119,1.13442,1.13681,392497.9063
1561507200000,1.1368,1.13913,1.13474,1.13735,341519.75
1561593600000,1.13734,1.13814,1.13477,1.13711,305256.375
1561680000000,1.13711,1.13933,1.13506,1.13681,276363.5625
1561766400000,1.13681,1.13681,1.13681,1.13681,0
1561852800000,1.13595,1.1371,1.13581,1.13601,12054.4902
1561939200000,1.13601,1.1364,1.12801,1.12868,303828.375
1562025600000,1.12868,1.13215,1.12751,1.12904,265697.2813
1562112000000,1.12904,1.13123,1.12686,1.12873,261437.4688
1562198400000,1.12873,1.12951,1.12731,1.12853,139704.7031
1562284800000,1.12853,1.1286,1.12073,1.12235,258051.9063
1562371200000,1.12235,1.12235,1.12235,1.12235,0
1562457600000,1.12215,1.12291,1.12215,1.12267,8220.1797
1562544000000,1.12267,1.12344,1.12069,1.12151,213395.125
1562630400000,1.1215,1.12187,1.11933,1.12043,215624.125
1562716800000,1.12043,1.12643,1.12018,1.12583,278478.6563
1562803200000,1.12585,1.12857,1.12451,1.12498,283354.6563
1562889600000,1.12498,1.12748,1.12381,1.12698,253368.7969
1562976000000,1.12698,1.12698,1.12698,1.12698,0
1563062400000,1.12666,1.12744,1.12626,1.1271,7055.79
1563148800000,1.12711,1.12838,1.12532,1.12597,213580.3438
1563235200000,1.12598,1.12634,1.12018,1.12116,259555.0156
1563321600000,1.12117,1.12335,1.11997,1.12273,224769.2344
1563408000000,1.12273,1.1282,1.12051,1.1261,316722.3438
1563494400000,1.12608,1.12683,1.12033,1.12192,282446.4063
1563580800000,1.12192,1.12192,1.12192,1.12192,0
1563667200000,1.1215,1.12197,1.1214,1.12175,9741.04
1563753600000,1.12175,1.12253,1.12037,1.12042,227157.25
1563840000000,1.12042,1.1208,1.11457,1.11508,268169.2813
1563926400000,1.11508,1.11558,1.11269,1.11419,271736.0313
1564012800000,1.1142,1.11877,1.11013,1.11448,359874.9375
1564099200000,1.11447,1.11509,1.1112,1.11247,260348.6719
1564185600000,1.11247,1.11247,1.11247,1.11247,0
1564272000000,1.11246,1.11325,1.11223,1.11295,5727.46
1564358400000,1.11295,1.11509,1.11128,1.11423,232842.4844
1564444800000,1.11424,1.1161,1.11321,1.11568,277029.625
1564531200000,1.11568,1.1162,1.106,1.10715,355194.8125
1564617600000,1.10715,1.10958,1.10268,1.10788,467627.9375
1564704000000,1.10789,1.11164,1.10696,1.11057,464104.9688
1564790400000,1.11057,1.11057,1.11057,1.11057,0
1564876800000,1.11042,1.11138,1.11033,1.11075,12836.5898
1564963200000,1.11079,1.12453,1.11064,1.12418,476043.9688
1565049600000,1.12418,1.12497,1.11675,1.12054,417917.6875
1565136000000,1.12053,1.12417,1.11791,1.12039,451342.6563
1565222400000,1.12038,1.12323,1.11769,1.11861,340913.9375
1565308800000,1.11861,1.12229,1.11833,1.11969,284956.7813
1565395200000,1.11969,1.11969,1.11969,1.11969,0
1565481600000,1.11978,1.1208,1.11967,1.12073,7072.96
1565568000000,1.12074,1.12306,1.11619,1.12162,319337.125
1565654400000,1.12162,1.12285,1.11698,1.11764,377049.5313
1565740800000,1.11764,1.11908,1.11305,1.11428,345279.3125
1565827200000,1.11428,1.11583,1.10913,1.11103,416591.3125
1565913600000,1.11105,1.11113,1.10662,1.10899,239920.6719
1566000000000,1.10899,1.10899,1.10899,1.10899,0
1566086400000,1.10925,1.1101,1.10895,1.10919,7217.0298
1566172800000,1.10918,1.11137,1.1076,1.10814,198728.5156
1566259200000,1.10816,1.11066,1.10655,1.10972,202915.2969
1566345600000,1.1097,1.1107,1.10804,1.10901,170929.5156
1566432000000,1.10903,1.1113,1.10635,1.10836,215750.5625
1566518400000,1.10835,1.11532,1.10516,1.1136,234770.3125
1566604800000,1.1136,1.1136,1.1136,1.1136,0
1566691200000,1.11507,1.11639,1.11393,1.11433,15735.2402
1566777600000,1.11433,1.11529,1.10942,1.11013,276142.375
1566864000000,1.11012,1.11159,1.10855,1.10893,211976.9688
1566950400000,1.10894,1.10978,1.10733,1.10855,211311
1567036800000,1.10856,1.1093,1.10419,1.10589,208781.8438
1567123200000,1.10589,1.10599,1.09632,1.0988,165279.2969
1567209600000,1.0988,1.0988,1.0988,1.0988,0
1567296000000,1.09893,1.09962,1.09831,1.09904,3345.29
1567382400000,1.09903,1.09931,1.0958,1.09641,46117.5
1567468800000,1.09641,1.09786,1.0926,1.09725,134828.6719
1567555200000,1.09725,1.10383,1.09715,1.10347,161293.5938
1567641600000,1.10346,1.10847,1.10166,1.1034,173375.1719
1567728000000,1.1034,1.10572,1.10201,1.1025,155127.7188
1567814400000,1.1025,1.1025,1.1025,1.1025,0
1567900800000,1.1026,1.10275,1.10195,1.10201,3734.6001
1567987200000,1.10202,1.1068,1.10153,1.10469,134493.75
1568073600000,1.10469,1.10595,1.10305,1.10501,131830.0156
1568160000000,1.10501,1.10555,1.09851,1.10135,127663.9688
1568246400000,1.10134,1.10871,1.09268,1.10561,201762.5781
1568332800000,1.1056,1.11094,1.1056,1.10707,159524.4688
1568419200000,1.10707,1.10707,1.10707,1.10707,0
1568505600000,1.10732,1.10863,1.10695,1.10831,5486.165
1568592000000,1.10831,1.10843,1.09932,1.10031,142926.3281
1568678400000,1.1003,1.10755,1.09901,1.10736,170443.1406
1568764800000,1.10737,1.10746,1.10136,1.10291,157398.9375
1568851200000,1.10291,1.10735,1.10229,1.10446,198730.75
1568937600000,1.10444,1.10676,1.09961,1.10169,173532.125
1569024000000,1.10169,1.10169,1.10169,1.10169,0
1569110400000,1.10136,1.10197,1.10106,1.10185,4660.1001
1569196800000,1.10185,1.10253,1.09661,1.09939,178417.3594
1569283200000,1.09938,1.1024,1.09837,1.10135,183286.2656
1569369600000,1.10134,1.10168,1.09374,1.09511,196617.375
1569456000000,1.09511,1.09672,1.09087,1.09222,191177.0313
1569542400000,1.09223,1.09586,1.09046,1.09367,176770.0625
1569628800000,1.09367,1.09367,1.09367,1.09367,0
1569715200000,1.09419,1.09461,1.09391,1.09422,3943.52
1569801600000,1.09421,1.09478,1.08847,1.08993,175540.0313
1569888000000,1.08992,1.09428,1.0879,1.09339,214512.2656
1569974400000,1.0934,1.09636,1.0904,1.09605,200581.125
1570060800000,1.09604,1.09992,1.09408,1.09744,219926.4063
1570147200000,1.09745,1.0999,1.0957,1.0976,184196.8594
1570233600000,1.0976,1.0976,1.0976,1.0976,0
1570320000000,1.09803,1.09838,1.09728,1.09832,4584.7002
1570406400000,1.09832,1.10004,1.09619,1.09715,167536.2031
1570492800000,1.09716,1.09958,1.09409,1.09597,217155.5313
1570579200000,1.09597,1.099,1.09548,1.09842,185453.0625
1570665600000,1.09841,1.10337,1.09797,1.10106,230081.5313
1570752000000,1.10105,1.10626,1.10007,1.10329,245439.875
1570838400000,1.10329,1.10329,1.10329,1.10329,0
1570924800000,1.10316,1.10385,1.1025,1.10282,6677.9502
1571011200000,1.10281,1.10426,1.10128,1.10259,155436.6719
1571097600000,1.10258,1.10459,1.09912,1.10344,223298.5625
1571184000000,1.10344,1.10855,1.10223,1.10737,232685.875
1571270400000,1.10738,1.11398,1.1065,1.11244,223617.125
1571356800000,1.11245,1.11719,1.11145,1.11703,140632.0625
1571443200000,1.11703,1.11703,1.11703,1.11703,0
1571529600000,1.11607,1.11634,1.11494,1.11558,6303.585
1571616000000,1.11559,1.11793,1.11386,1.11515,124245.3672
1571702400000,1.11517,1.11568,1.11176,1.11289,125243.1875
1571788800000,1.11288,1.11405,1.11061,1.11322,112972.5625
1571875200000,1.11322,1.11627,1.1093,1.11034,149011.5625
1571961600000,1.11035,1.11229,1.10729,1.1079,100730.7109
1572048000000,1.1079,1.1079,1.1079,1.1079,0
1572134400000,1.108,1.1084,1.10774,1.10839,3105.3401
1572220800000,1.10839,1.11065,1.1076,1.10982,106338.3828
1572307200000,1.10982,1.11183,1.10735,1.1112,122552.6016
1572393600000,1.11119,1.11554,1.10801,1.11521,137742.2188
1572480000000,1.11521,1.11755,1.11314,1.11561,149061.7188
1572566400000,1.11559,1.11718,1.11281,1.11641,126862.1563
1572652800000,1.11641,1.11641,1.11641,1.11641,0
1572739200000,1.11684,1.11696,1.11639,1.11661,1652
1572825600000,1.1166,1.11753,1.11218,1.11279,109786.4063
1572912000000,1.11279,1.11401,1.10635,1.10738,152011.2344
1572998400000,1.10739,1.10928,1.10651,1.107,124123.6172
1573084800000,1.10699,1.10914,1.1036,1.10523,155079.1406
1573171200000,1.10524,1.10554,1.10167,1.10176,116906.1953
1573257600000,1.10176,1.10176,1.10176,1.10176,0
1573344000000,1.1023,1.10231,1.10191,1.10218,1359.5699
1573430400000,1.10217,1.1043,1.10163,1.10347,86681.3984
1573516800000,1.10347,1.10385,1.10025,1.1012,120036.4297
1573603200000,1.1012,1.10203,1.09953,1.10096,121193.0859
1573689600000,1.10096,1.10274,1.0989,1.10197,116532.0547
1573776000000,1.10198,1.10569,1.10145,1.10494,109547.4297
1573862400000,1.10494,1.10494,1.10494,1.10494,0
1573948800000,1.10489,1.10545,1.10487,1.10539,3888.6101
1574035200000,1.1054,1.10899,1.10533,1.10722,112908.3281
1574121600000,1.10721,1.10839,1.10626,1.10779,109962.5859
1574208000000,1.10781,1.10813,1.1053,1.10779,129488.8281
1574294400000,1.10779,1.10969,1.10522,1.10656,126596.8047
1574380800000,1.10657,1.10872,1.10143,1.10179,176378.375
1574467200000,1.10179,1.10179,1.10179,1.10179,0
1574553600000,1.1017,1.10225,1.10162,1.10225,3677.9399
1574640000000,1.10225,1.10321,1.10035,1.10104,115068.7188
1574726400000,1.10105,1.10256,1.10071,1.1022,111062.375
1574812800000,1.1022,1.10222,1.09922,1.10048,117354.7813
1574899200000,1.10049,1.10179,1.10003,1.10113,74289.8516
1574985600000,1.10113,1.10282,1.09811,1.1015,101410.5469
1575072000000,1.1015,1.1015,1.1015,1.1015,0
1575158400000,1.10229,1.10269,1.1017,1.10182,2960.7
1575244800000,1.10182,1.10907,1.10029,1.10761,133215.3281
1575331200000,1.1076,1.10934,1.1066,1.10818,129714.0313
1575417600000,1.10819,1.11161,1.10666,1.10827,151487.5781
1575504000000,1.10824,1.1108,1.10793,1.11038,123792.3047
1575590400000,1.11039,1.11097,1.10398,1.10543,120864.6094
1575676800000,1.10543,1.10543,1.10543,1.10543,0
1575763200000,1.1058,1.10604,1.10562,1.10582,1990.83
1575849600000,1.10581,1.10779,1.10533,1.10643,109027.3906
1575936000000,1.10642,1.10977,1.10628,1.10923,129542.9609
1576022400000,1.10923,1.11448,1.10701,1.11325,144933.3125
1576108800000,1.11326,1.11995,1.11029,1.11833,192578.1094
1576195200000,1.11833,1.1186,1.1112,1.11174,211781.3281
1576281600000,1.11174,1.11174,1.11174,1.11174,0
1576368000000,1.1128,1.11309,1.11225,1.11242,4374.1548
1576454400000,1.11241,1.11581,1.11229,1.11355,151090.5625
1576540800000,1.11355,1.11746,1.11293,1.11514,151614.5313
1576627200000,1.11512,1.11512,1.11105,1.11154,146608.2656
1576713600000,1.11154,1.11442,1.11072,1.11231,157736.0938
1576800000000,1.11231,1.11236,1.10662,1.10769,130731.8906
1576886400000,1.10769,1.10769,1.10769,1.10769,0
1576972800000,1.1081,1.10813,1.10766,1.10802,2560.48
1577059200000,1.10801,1.10958,1.10699,1.10917,108289.4297
1577145600000,1.10918,1.10938,1.1069,1.10873,80970.6797
1577232000000,1.10873,1.10953,1.1073,1.10944,4887.3101
1577318400000,1.10944,1.11088,1.10821,1.11012,52487.6328
1577404800000,1.11013,1.11883,1.10987,1.11713,124575.9063
1577491200000,1.11713,1.11713,1.11713,1.11713,0
1577577600000,1.11736,1.11839,1.11718,1.11813,3216.4995
1577664000000,1.11812,1.12207,1.11806,1.12013,130773.875
1577750400000,1.12013,1.12391,1.11987,1.12072,107777.3125